source_figure,sweep_direction,npr,profile_type,station_label,x_rt,pwall_over_pa,text_x_rt_min,text_x_rt_max,digitization_uncertainty_x_rt,digitization_uncertainty_pwall_over_pa,experimental_uncertainty_pwall_over_pa
3a,startup,30,mean_pressure_15s_hold,base_01,2.561288,0.785751,,,0.018,0.003,
3a,startup,30,mean_pressure_15s_hold,base_02,3.363239,0.595248,,,0.018,0.003,
3a,startup,30,mean_pressure_15s_hold,base_03,4.161352,0.460987,,,0.018,0.003,
3a,startup,30,mean_pressure_15s_hold,base_04,4.951839,0.374928,,,0.018,0.003,
3a,startup,30,mean_pressure_15s_hold,base_05,5.750097,0.310668,,,0.018,0.003,
3a,startup,30,mean_pressure_15s_hold,base_06,6.551951,0.262452,,,0.018,0.003,
3a,startup,30,mean_pressure_15s_hold,base_07,7.350160,0.573442,,,0.018,0.003,
3a,startup,30,mean_pressure_15s_hold,base_08,8.144435,0.811566,8.145,8.145,0.018,0.003,
3a,startup,30,mean_pressure_15s_hold,base_09,8.942645,0.871803,8.945,8.945,0.018,0.003,
3a,startup,30,mean_pressure_15s_hold,base_10,9.725599,0.895904,9.734,9.735,0.018,0.003,
3a,startup,30,mean_pressure_15s_hold,base_11,10.531292,0.897042,10.540,10.540,0.018,0.003,
3a,startup,30,mean_pressure_15s_hold,base_12,11.329406,0.919444,11.340,11.340,0.018,0.003,
3a,startup,30,mean_pressure_15s_hold,base_13,12.119986,0.929189,12.135,12.135,0.018,0.003,
3a,startup,33,mean_pressure_15s_hold,base_01,2.557500,0.833934,,,0.018,0.003,
3a,startup,33,mean_pressure_15s_hold,base_02,3.363240,0.637708,,,0.018,0.003,
3a,startup,33,mean_pressure_15s_hold,base_03,4.161353,0.489666,,,0.018,0.003,
3a,startup,33,mean_pressure_15s_hold,base_04,4.951887,0.409343,,,0.018,0.003,
3a,startup,33,mean_pressure_15s_hold,base_05,5.750096,0.334750,,,0.018,0.003,
3a,startup,33,mean_pressure_15s_hold,base_06,6.555789,0.285415,,,0.018,0.003,
3a,startup,33,mean_pressure_15s_hold,base_07,7.350112,0.252131,,,0.018,0.003,
3a,startup,33,mean_pressure_15s_hold,base_08,8.144532,0.427708,8.145,8.145,0.018,0.003,
3a,startup,33,mean_pressure_15s_hold,base_09,8.942597,0.735252,8.945,8.945,0.018,0.003,
3a,startup,33,mean_pressure_15s_hold,base_10,9.729341,0.802958,9.734,9.735,0.018,0.003,
3a,startup,33,mean_pressure_15s_hold,base_11,10.531243,0.845412,10.540,10.540,0.018,0.003,
3a,startup,33,mean_pressure_15s_hold,base_12,11.329405,0.874106,11.340,11.340,0.018,0.003,
3a,startup,33,mean_pressure_15s_hold,base_13,12.119938,0.918855,12.135,12.135,0.018,0.003,
3a,startup,35,mean_pressure_15s_hold,base_01,2.557499,0.838525,,,0.018,0.003,
3a,startup,35,mean_pressure_15s_hold,base_02,3.363240,0.641155,,,0.018,0.003,
3a,startup,35,mean_pressure_15s_hold,base_03,4.161353,0.488521,,,0.018,0.003,
3a,startup,35,mean_pressure_15s_hold,base_04,4.951887,0.405909,,,0.018,0.003,
3a,startup,35,mean_pressure_15s_hold,base_05,5.750096,0.330171,,,0.018,0.003,
3a,startup,35,mean_pressure_15s_hold,base_06,6.555788,0.276233,,,0.018,0.003,
3a,startup,35,mean_pressure_15s_hold,base_07,7.350111,0.245826,,,0.018,0.003,
3a,startup,35,mean_pressure_15s_hold,base_08,8.144532,0.220005,8.145,8.145,0.018,0.003,
3a,startup,35,mean_pressure_15s_hold,base_09,8.942596,0.232627,8.945,8.945,0.018,0.003,
3a,startup,35,mean_pressure_15s_hold,base_10,9.729341,0.217702,9.734,9.735,0.018,0.003,
3a,startup,35,mean_pressure_15s_hold,base_11,10.531244,0.327883,10.540,10.540,0.018,0.003,
3a,startup,35,mean_pressure_15s_hold,base_12,11.329405,0.620501,11.340,11.340,0.018,0.003,
3a,startup,35,mean_pressure_15s_hold,base_13,12.119940,0.825909,12.135,12.135,0.018,0.003,
3a,startup,37,mean_pressure_15s_hold,base_01,2.565078,0.890175,,,0.018,0.003,
3a,startup,37,mean_pressure_15s_hold,base_02,3.363191,0.674419,,,0.018,0.003,
3a,startup,37,mean_pressure_15s_hold,base_03,4.161353,0.520086,,,0.018,0.003,
3a,startup,37,mean_pressure_15s_hold,base_04,4.951934,0.427140,,,0.018,0.003,
3a,startup,37,mean_pressure_15s_hold,base_05,5.750001,0.350819,,,0.018,0.003,
3a,startup,37,mean_pressure_15s_hold,base_06,6.555836,0.296305,,,0.018,0.003,
3a,startup,37,mean_pressure_15s_hold,base_07,7.353902,0.264185,,,0.018,0.003,
3a,startup,37,mean_pressure_15s_hold,base_08,8.144436,0.243531,8.145,8.145,0.018,0.003,
3a,startup,37,mean_pressure_15s_hold,base_09,8.942645,0.260169,8.945,8.945,0.018,0.003,
3a,startup,37,mean_pressure_15s_hold,base_10,9.725600,0.231469,9.734,9.735,0.018,0.003,
3a,startup,37,mean_pressure_15s_hold,base_11,10.531340,0.419677,10.540,10.540,0.018,0.003,
3a,startup,37,mean_pressure_15s_hold,base_12,11.329405,0.683034,11.340,11.340,0.018,0.003,
3a,startup,37,mean_pressure_15s_hold,base_13,12.119986,0.794921,12.135,12.135,0.018,0.003,
3a,startup,40,mean_pressure_15s_hold,base_01,2.565078,0.917711,,,0.018,0.003,
3a,startup,40,mean_pressure_15s_hold,base_02,3.363191,0.605575,,,0.018,0.003,
3a,startup,40,mean_pressure_15s_hold,base_03,4.161353,0.523526,,,0.018,0.003,
3a,startup,40,mean_pressure_15s_hold,base_04,4.951934,0.424275,,,0.018,0.003,
3a,startup,40,mean_pressure_15s_hold,base_05,5.750001,0.354259,,,0.018,0.003,
3a,startup,40,mean_pressure_15s_hold,base_06,6.555836,0.298031,,,0.018,0.003,
3a,startup,40,mean_pressure_15s_hold,base_07,7.353902,0.264185,,,0.018,0.003,
3a,startup,40,mean_pressure_15s_hold,base_08,8.144436,0.240084,8.145,8.145,0.018,0.003,
3a,startup,40,mean_pressure_15s_hold,base_09,8.942645,0.201070,8.945,8.945,0.018,0.003,
3a,startup,40,mean_pressure_15s_hold,base_10,9.725600,0.239508,9.734,9.735,0.018,0.003,
3a,startup,40,mean_pressure_15s_hold,base_11,10.531340,0.580336,10.540,10.540,0.018,0.003,
3a,startup,40,mean_pressure_15s_hold,base_12,11.329405,0.794920,11.340,11.340,0.018,0.003,
3a,startup,40,mean_pressure_15s_hold,base_13,12.119986,0.898207,12.135,12.135,0.018,0.003,
11a,shutdown,33,mean_pressure_15s_hold_independent_run,base_05,5.745360,0.327049,,,0.021,0.009,
11a,shutdown,33,mean_pressure_15s_hold_independent_run,base_06,6.512533,0.272199,,,0.021,0.009,
11a,shutdown,33,mean_pressure_15s_hold_independent_run,base_07,7.346618,0.235621,,,0.021,0.009,
11a,shutdown,33,mean_pressure_15s_hold_independent_run,base_08,8.144666,0.209239,,,0.021,0.009,
11a,shutdown,33,mean_pressure_15s_hold_independent_run,mid_08_09,8.546314,0.209239,,,0.021,0.009,
11a,shutdown,33,mean_pressure_15s_hold_independent_run,base_09,8.947875,0.217349,,,0.021,0.009,
11a,shutdown,33,mean_pressure_15s_hold_independent_run,mid_09_10,9.349523,0.199059,,,0.021,0.009,
11a,shutdown,33,mean_pressure_15s_hold_independent_run,base_10,9.730486,0.227511,,,0.021,0.009,
11a,shutdown,33,mean_pressure_15s_hold_independent_run,mid_10_11,10.147528,0.455021,,,0.021,0.009,
11a,shutdown,33,mean_pressure_15s_hold_independent_run,base_11,10.549176,0.591104,,,0.021,0.009,
11a,shutdown,33,mean_pressure_15s_hold_independent_run,mid_11_12,10.945663,0.672353,,,0.021,0.009,
11a,shutdown,33,mean_pressure_15s_hold_independent_run,base_12,11.347181,0.745492,,,0.021,0.009,
11a,shutdown,33,mean_pressure_15s_hold_independent_run,base_13,12.129835,1.499111,,,0.021,0.009,
11a,shutdown,30,mean_pressure_15s_hold_independent_run,base_04,4.947312,0.363610,,,0.021,0.009,
11a,shutdown,30,mean_pressure_15s_hold_independent_run,base_05,5.745360,0.290487,,,0.021,0.009,
11a,shutdown,30,mean_pressure_15s_hold_independent_run,base_06,6.512533,0.245800,,,0.021,0.009,
11a,shutdown,30,mean_pressure_15s_hold_independent_run,base_07,7.346618,0.217348,,,0.021,0.009,
11a,shutdown,30,mean_pressure_15s_hold_independent_run,base_08,8.144666,0.190950,,,0.021,0.009,
11a,shutdown,30,mean_pressure_15s_hold_independent_run,mid_08_09,8.546314,0.180769,,,0.021,0.009,
11a,shutdown,30,mean_pressure_15s_hold_independent_run,base_09,8.947875,0.172660,,,0.021,0.009,
11a,shutdown,30,mean_pressure_15s_hold_independent_run,mid_09_10,9.349523,0.436732,,,0.021,0.009,
11a,shutdown,30,mean_pressure_15s_hold_independent_run,base_10,9.730486,0.536270,,,0.021,0.009,
11a,shutdown,30,mean_pressure_15s_hold_independent_run,mid_10_11,10.147528,0.654080,,,0.021,0.009,
11a,shutdown,30,mean_pressure_15s_hold_independent_run,base_11,10.549176,0.698785,,,0.021,0.009,
11a,shutdown,30,mean_pressure_15s_hold_independent_run,mid_11_12,10.945664,0.954713,,,0.021,0.009,
11a,shutdown,30,mean_pressure_15s_hold_independent_run,base_12,11.347181,1.062378,,,0.021,0.009,
11a,shutdown,30,mean_pressure_15s_hold_independent_run,base_13,12.129835,1.017690,,,0.021,0.009,
11a,shutdown,28,mean_pressure_15s_hold_independent_run,base_04,4.947312,0.345338,,,0.021,0.009,
11a,shutdown,28,mean_pressure_15s_hold_independent_run,base_05,5.745360,0.272198,,,0.021,0.009,
11a,shutdown,28,mean_pressure_15s_hold_independent_run,base_06,6.512533,0.227510,,,0.021,0.009,
11a,shutdown,28,mean_pressure_15s_hold_independent_run,base_07,7.346618,0.199059,,,0.021,0.009,
11a,shutdown,28,mean_pressure_15s_hold_independent_run,base_08,8.144666,0.172660,,,0.021,0.009,
11a,shutdown,28,mean_pressure_15s_hold_independent_run,mid_08_09,8.546314,0.400171,,,0.021,0.009,
11a,shutdown,28,mean_pressure_15s_hold_independent_run,base_09,8.947875,0.507835,,,0.021,0.009,
11a,shutdown,28,mean_pressure_15s_hold_independent_run,mid_09_10,9.349523,0.591103,,,0.021,0.009,
11a,shutdown,28,mean_pressure_15s_hold_independent_run,base_10,9.730486,0.635808,,,0.021,0.009,
11a,shutdown,28,mean_pressure_15s_hold_independent_run,mid_10_11,10.147528,0.845030,,,0.021,0.009,
11a,shutdown,28,mean_pressure_15s_hold_independent_run,base_11,10.549176,1.182224,,,0.021,0.009,
11a,shutdown,28,mean_pressure_15s_hold_independent_run,mid_11_12,10.945664,1.080667,,,0.021,0.009,
11a,shutdown,28,mean_pressure_15s_hold_independent_run,base_12,11.347181,0.926279,,,0.021,0.009,
11a,shutdown,28,mean_pressure_15s_hold_independent_run,base_13,12.129835,1.681933,,,0.021,0.009,
11a,shutdown,26,mean_pressure_15s_hold_independent_run,base_04,4.947312,0.316887,,,0.021,0.009,
11a,shutdown,26,mean_pressure_15s_hold_independent_run,base_05,5.745360,0.253909,,,0.021,0.009,
11a,shutdown,26,mean_pressure_15s_hold_independent_run,base_06,6.512533,0.199059,,,0.021,0.009,
11a,shutdown,26,mean_pressure_15s_hold_independent_run,base_07,7.346618,0.180770,,,0.021,0.009,
11a,shutdown,26,mean_pressure_15s_hold_independent_run,base_08,8.144666,0.381899,,,0.021,0.009,
11a,shutdown,26,mean_pressure_15s_hold_independent_run,mid_08_09,8.546314,0.517982,,,0.021,0.009,
11a,shutdown,26,mean_pressure_15s_hold_independent_run,base_09,8.947875,0.580958,,,0.021,0.009,
11a,shutdown,26,mean_pressure_15s_hold_independent_run,mid_09_10,9.349523,0.617519,,,0.021,0.009,
11a,shutdown,26,mean_pressure_15s_hold_independent_run,base_10,9.730486,0.863302,,,0.021,0.009,
11a,shutdown,26,mean_pressure_15s_hold_independent_run,mid_10_11,10.147528,1.127374,,,0.021,0.009,
11a,shutdown,26,mean_pressure_15s_hold_independent_run,base_11,10.549176,1.080668,,,0.021,0.009,
11a,shutdown,26,mean_pressure_15s_hold_independent_run,mid_11_12,10.945664,1.553961,,,0.021,0.009,
11a,shutdown,26,mean_pressure_15s_hold_independent_run,base_12,11.347181,1.917571,,,0.021,0.009,
11a,shutdown,26,mean_pressure_15s_hold_independent_run,base_13,12.129835,0.863302,,,0.021,0.009,
11a,shutdown,24,mean_pressure_15s_hold_independent_run,base_04,4.947312,0.300632,,,0.021,0.009,
11a,shutdown,24,mean_pressure_15s_hold_independent_run,base_05,5.745360,0.199058,,,0.021,0.009,
11a,shutdown,24,mean_pressure_15s_hold_independent_run,base_06,6.512533,0.190948,,,0.021,0.009,
11a,shutdown,24,mean_pressure_15s_hold_independent_run,base_07,7.346618,0.172660,,,0.021,0.009,
11a,shutdown,24,mean_pressure_15s_hold_independent_run,base_08,8.144666,0.499708,,,0.021,0.009,
11a,shutdown,24,mean_pressure_15s_hold_independent_run,mid_08_09,8.546314,0.554559,,,0.021,0.009,
11a,shutdown,24,mean_pressure_15s_hold_independent_run,base_09,8.947875,0.599247,,,0.021,0.009,
11a,shutdown,24,mean_pressure_15s_hold_independent_run,mid_09_10,9.349523,0.918151,,,0.021,0.009,
11a,shutdown,24,mean_pressure_15s_hold_independent_run,base_10,9.730486,1.163934,,,0.021,0.009,
11a,shutdown,24,mean_pressure_15s_hold_independent_run,mid_10_11,10.147528,0.962839,,,0.021,0.009,
11a,shutdown,24,mean_pressure_15s_hold_independent_run,base_11,10.549176,1.954131,,,0.021,0.009,
11a,shutdown,24,mean_pressure_15s_hold_independent_run,mid_11_12,10.945664,1.263472,,,0.021,0.009,
11a,shutdown,24,mean_pressure_15s_hold_independent_run,base_12,11.347181,0.918151,,,0.021,0.009,
11a,shutdown,24,mean_pressure_15s_hold_independent_run,base_13,12.129835,0.680495,,,0.021,0.009,
11a,shutdown,22,mean_pressure_15s_hold_independent_run,base_04,4.947312,0.300632,,,0.021,0.009,
11a,shutdown,22,mean_pressure_15s_hold_independent_run,base_05,5.745360,0.199058,,,0.021,0.009,
11a,shutdown,22,mean_pressure_15s_hold_independent_run,base_06,6.512533,0.172660,,,0.021,0.009,
11a,shutdown,22,mean_pressure_15s_hold_independent_run,base_07,7.346618,0.371736,,,0.021,0.009,
11a,shutdown,22,mean_pressure_15s_hold_independent_run,base_08,8.144666,0.544396,,,0.021,0.009,
11a,shutdown,22,mean_pressure_15s_hold_independent_run,mid_08_09,8.546314,0.664242,,,0.021,0.009,
11a,shutdown,22,mean_pressure_15s_hold_independent_run,base_09,8.947875,0.991274,,,0.021,0.009,
11a,shutdown,22,mean_pressure_15s_hold_independent_run,mid_09_10,9.349523,0.999417,,,0.021,0.009,
11a,shutdown,22,mean_pressure_15s_hold_independent_run,base_10,9.730486,1.726637,,,0.021,0.009,
11a,shutdown,22,mean_pressure_15s_hold_independent_run,mid_10_11,10.147528,1.399571,,,0.021,0.009,
11a,shutdown,22,mean_pressure_15s_hold_independent_run,base_11,10.549176,1.017689,,,0.021,0.009,
11a,shutdown,22,mean_pressure_15s_hold_independent_run,mid_11_12,10.945664,0.735346,,,0.021,0.009,
11a,shutdown,22,mean_pressure_15s_hold_independent_run,base_12,11.347181,0.672351,,,0.021,0.009,
11a,shutdown,22,mean_pressure_15s_hold_independent_run,base_13,12.129835,0.991274,,,0.021,0.009,
11a,shutdown,20,mean_pressure_15s_hold_independent_run,base_04,4.947312,0.199059,,,0.021,0.009,
11a,shutdown,20,mean_pressure_15s_hold_independent_run,base_05,5.745360,0.199059,,,0.021,0.009,
11a,shutdown,20,mean_pressure_15s_hold_independent_run,base_06,6.512533,0.162515,,,0.021,0.009,
11a,shutdown,20,mean_pressure_15s_hold_independent_run,base_07,7.346618,0.491565,,,0.021,0.009,
11a,shutdown,20,mean_pressure_15s_hold_independent_run,base_08,8.144666,0.654081,,,0.021,0.009,
11a,shutdown,20,mean_pressure_15s_hold_independent_run,mid_08_09,8.546314,0.999418,,,0.021,0.009,
11a,shutdown,20,mean_pressure_15s_hold_independent_run,base_09,8.947875,1.253328,,,0.021,0.009,
11a,shutdown,20,mean_pressure_15s_hold_independent_run,mid_09_10,9.349523,1.635209,,,0.021,0.009,
11a,shutdown,20,mean_pressure_15s_hold_independent_run,base_10,9.730486,1.318340,,,0.021,0.009,
11a,shutdown,20,mean_pressure_15s_hold_independent_run,mid_10_11,10.147528,0.836904,,,0.021,0.009,
11a,shutdown,20,mean_pressure_15s_hold_independent_run,base_11,10.549176,0.790180,,,0.021,0.009,
11a,shutdown,20,mean_pressure_15s_hold_independent_run,mid_11_12,10.945664,0.735347,,,0.021,0.009,
11a,shutdown,20,mean_pressure_15s_hold_independent_run,base_12,11.347181,0.926279,,,0.021,0.009,
11a,shutdown,20,mean_pressure_15s_hold_independent_run,base_13,12.129835,1.163935,,,0.021,0.009,
11a,shutdown,18,mean_pressure_15s_hold_independent_run,base_04,4.947312,0.199059,,,0.021,0.009,
11a,shutdown,18,mean_pressure_15s_hold_independent_run,base_05,5.745360,0.199059,,,0.021,0.009,
11a,shutdown,18,mean_pressure_15s_hold_independent_run,base_06,6.512533,0.436733,,,0.021,0.009,
11a,shutdown,18,mean_pressure_15s_hold_independent_run,base_07,7.346618,0.554559,,,0.021,0.009,
11a,shutdown,18,mean_pressure_15s_hold_independent_run,base_08,8.144666,1.200513,,,0.021,0.009,
11a,shutdown,18,mean_pressure_15s_hold_independent_run,mid_08_09,8.546314,1.572233,,,0.021,0.009,
11a,shutdown,18,mean_pressure_15s_hold_independent_run,base_09,8.947875,1.245201,,,0.021,0.009,
11a,shutdown,18,mean_pressure_15s_hold_independent_run,mid_09_10,9.349523,0.899880,,,0.021,0.009,
11a,shutdown,18,mean_pressure_15s_hold_independent_run,base_10,9.730486,0.800342,,,0.021,0.009,
11a,shutdown,18,mean_pressure_15s_hold_independent_run,mid_10_11,10.147528,0.808469,,,0.021,0.009,
11a,shutdown,18,mean_pressure_15s_hold_independent_run,base_11,10.549176,1.009564,,,0.021,0.009,
11a,shutdown,18,mean_pressure_15s_hold_independent_run,mid_11_12,10.945664,1.072540,,,0.021,0.009,
11a,shutdown,18,mean_pressure_15s_hold_independent_run,base_12,11.347181,1.017690,,,0.021,0.009,
11a,shutdown,18,mean_pressure_15s_hold_independent_run,base_13,12.129835,0.855175,,,0.021,0.009,
11a,shutdown,16,mean_pressure_15s_hold_independent_run,base_04,4.947312,0.300632,,,0.021,0.009,
11a,shutdown,16,mean_pressure_15s_hold_independent_run,base_05,5.745360,0.507835,,,0.021,0.009,
11a,shutdown,16,mean_pressure_15s_hold_independent_run,base_06,6.512533,0.782052,,,0.021,0.009,
11a,shutdown,16,mean_pressure_15s_hold_independent_run,base_07,7.346618,0.771890,,,0.021,0.009,
11a,shutdown,16,mean_pressure_15s_hold_independent_run,base_08,8.144666,1.098939,,,0.021,0.009,
11a,shutdown,16,mean_pressure_15s_hold_independent_run,mid_08_09,8.546314,1.062377,,,0.021,0.009,
11a,shutdown,16,mean_pressure_15s_hold_independent_run,base_09,8.947875,0.981128,,,0.021,0.009,
11a,shutdown,16,mean_pressure_15s_hold_independent_run,mid_09_10,9.349523,0.881590,,,0.021,0.009,
11a,shutdown,16,mean_pressure_15s_hold_independent_run,base_10,9.730486,0.973001,,,0.021,0.009,
11a,shutdown,16,mean_pressure_15s_hold_independent_run,mid_10_11,10.147528,0.954712,,,0.021,0.009,
11a,shutdown,16,mean_pressure_15s_hold_independent_run,base_11,10.549176,0.999417,,,0.021,0.009,
11a,shutdown,16,mean_pressure_15s_hold_independent_run,mid_11_12,10.945664,0.936440,,,0.021,0.009,
11a,shutdown,16,mean_pressure_15s_hold_independent_run,base_12,11.347181,0.973001,,,0.021,0.009,
11a,shutdown,16,mean_pressure_15s_hold_independent_run,base_13,12.129835,0.999417,,,0.021,0.009,
